City_ID,City,Lat,Lng,Max Temp,Humidity,Cloudiness,Wind Speed,Country,Date
0,banda aceh,5.5577,95.3222,28.91,67,100,6.62,ID,1690878991
1,burns lake,54.2331,-125.7533,5.68,89,22,0.9,CA,1690878872
2,geraldton,-28.7667,114.6,22.23,33,0,5.14,AU,1690878948
3,ranong,9.9658,98.6348,29.96,80,88,6.65,TH,1690879037
4,pasighat,28.0667,95.3333,35.68,55,99,1.41,IN,1690879037
5,rawson,-43.3002,-65.1023,12.87,39,0,18.43,AR,1690878873
6,beni,0.5,29.4667,28.78,44,89,1.64,CD,1690878873
7,kisaran,2.9845,99.6158,25.49,93,100,0.41,ID,1690879038
8,leningradskiy,69.3833,178.4167,2.46,97,100,2.15,RU,1690879038
9,viedma,-40.8135,-62.9967,15.35,43,3,9.43,AR,1690879038
10,upernavik,72.7868,-56.1549,4.24,72,51,2.6,GL,1690879038
11,cape town,-33.9258,18.4232,13.95,60,0,4.02,ZA,1690879038
12,sao jose da coroa grande,-8.8978,-35.1478,23.58,86,65,1.37,BR,1690878874
13,portland,45.5234,-122.6762,18.99,74,0,3.6,US,1690878875
14,mirnyy,62.5353,113.9611,21.15,33,57,2.32,RU,1690878875
15,rikitea,-23.1203,-134.9692,21.5,66,100,10.02,PF,1690879039
16,bredasdorp,-34.5322,20.0403,12.39,59,35,1.85,ZA,1690879039
17,kruisfontein,-34.0033,24.7314,13.09,58,35,4.03,ZA,1690879039
18,hobe sound,27.0595,-80.1364,25.53,94,97,1.54,US,1690879039
19,hermanus,-34.4187,19.2345,11.56,63,46,2.71,ZA,1690879040
20,busselton,-33.65,115.3333,16.82,76,1,6.45,AU,1690879040
21,poum,-20.2333,164.0167,21.05,65,93,5.05,NC,1690879040
22,port alfred,-33.5906,26.891,15.66,62,91,3.58,ZA,1690879040
23,ponta do sol,32.6667,-17.1,27.23,77,2,2.45,PT,1690879041
24,burnie,-41.0667,145.9167,7.47,77,6,3.34,AU,1690879041
25,broome,42.2506,-75.833,13.09,96,0,0.45,US,1690879041
26,vaini,-21.2,-175.2,20.09,77,75,5.66,TO,1690879041
27,ushuaia,-54.8,-68.3,2.81,75,0,1.03,AR,1690879041
28,biak,-0.9131,122.8766,26.12,80,51,3.74,ID,1690878878
29,tiksi,71.6872,128.8694,7.18,82,65,1.89,RU,1690879042
30,gerash,27.6652,54.1371,40.08,16,1,0.38,IR,1690879042
31,lebu,-37.6167,-73.65,10.9,89,39,2.3,CL,1690879042
32,puerto ayora,-0.7393,-90.3518,23.64,95,79,2.61,EC,1690879042
33,ratangarh,28.0833,74.6,35.66,44,71,4.32,IN,1690878879
34,hithadhoo,-0.6,73.0833,27.98,71,68,2.47,MV,1690879043
35,dragor,55.5946,12.6664,18.9,93,75,3.6,DK,1690879043
36,north bend,43.4065,-124.2243,15.04,94,100,5.14,US,1690879043
37,weihe,32.9952,105.3247,29.65,48,54,2.24,CN,1690879043
38,manggar,-2.8833,108.2667,28.79,73,28,5.35,ID,1690879043
39,yellowknife,62.456,-114.3525,16.29,72,75,4.12,CA,1690879044
40,provideniya,64.3833,-173.3,10.67,87,99,2.46,RU,1690879044
41,pevek,69.7008,170.3133,1.17,97,100,1.87,RU,1690879044
42,miraflores,19.2167,-98.8083,16.68,96,100,1.5,MX,1690878880
43,port elizabeth,-33.918,25.5701,14.16,62,0,7.2,ZA,1690879044
44,butaritari,3.0707,172.7902,27.9,76,100,3.59,KI,1690879045
45,bambous virieux,-20.3428,57.7575,25.68,73,75,6.69,MU,1690879045
46,nizhniy tsasuchey,50.5167,115.1333,36.39,24,63,2.25,RU,1690878881
47,ballangen,68.3428,16.8315,22.12,49,0,4.12,NO,1690878881
48,ribeira grande,38.5167,-28.7,24.32,94,40,3.09,PT,1690879045
49,kelvington,52.1667,-103.5343,15.31,87,6,1.21,CA,1690879046
50,port hardy,50.6996,-127.4199,12.1,100,40,2.06,CA,1690878881
51,vila velha,-20.3297,-40.2925,18.86,95,40,1.03,BR,1690879046
52,vila,42.0304,-8.1588,13.49,74,91,1.46,PT,1690879046
53,katsuura,35.1333,140.3,27.21,86,77,5.75,JP,1690878928
54,la rioja,42.25,-2.5,17.88,45,8,2.23,ES,1690878822
55,kapaa,22.0752,-159.319,27.18,83,20,5.66,US,1690879047
56,oranjemund,-28.55,16.4333,17.95,32,0,7.37,NA,1690879047
57,nanga eboko,4.6833,12.3667,24.62,79,100,2.15,CM,1690879047
58,ancud,-41.8697,-73.8203,8.31,76,93,7.64,CL,1690879047
59,mar del plata,-38.0023,-57.5575,12.83,92,18,5.14,AR,1690879047
60,georgetown,5.4112,100.3354,31.64,68,20,4.63,MY,1690878879
61,fortuna,40.5982,-124.1573,15.52,92,100,0.45,US,1690879048
62,arraial do cabo,-22.9661,-42.0278,19.23,87,77,3.84,BR,1690879048
63,hobart,-42.8794,147.3294,9.01,68,40,1.54,AU,1690878856
64,ondjiva,-17.0667,15.7333,21.06,9,6,5.39,AO,1690878884
65,new norfolk,-42.7826,147.0587,8.82,77,71,1.36,AU,1690879049
66,jamestown,42.097,-79.2353,13.73,100,100,1.54,US,1690879049
67,machico,32.7,-16.7667,27.23,75,20,6.69,PT,1690879049
68,malinovskiy,61.1953,62.8397,22.6,53,100,1.77,RU,1690878885
69,alofi,-19.0595,-169.9187,19.94,100,100,7.2,NU,1690878886
70,aiken,33.5835,-81.5998,23.39,94,40,0.0,US,1690879050
71,barrow,71.2906,-156.7887,10.01,93,100,6.69,US,1690879050
72,diego de almagro,-26.3667,-70.05,12.85,61,0,0.69,CL,1690879050
73,chokurdakh,70.6333,147.9167,13.94,42,9,3.89,RU,1690879050
74,kodiak,57.79,-152.4072,10.73,93,0,0.0,US,1690879050
75,ossora,59.2353,163.0719,10.85,91,98,5.68,RU,1690879051
76,nobeoka,32.5833,131.6667,27.54,85,28,1.95,JP,1690879051
77,alice springs,-23.7,133.8833,20.75,26,0,3.6,AU,1690879051
78,mandalgovi,45.7625,106.2708,22.38,60,100,4.29,MN,1690879051
79,sorong,-0.8833,131.25,27.69,82,15,4.84,ID,1690878888
80,mataura,-46.1927,168.8643,5.82,88,100,7.73,NZ,1690879052
81,nome,64.5011,-165.4064,10.09,100,100,2.06,US,1690879052
82,albany,42.6001,-73.9662,13.23,93,0,1.75,US,1690879052
83,guaraniacu,-25.1008,-52.8781,12.56,96,56,0.84,BR,1690878889
84,hofn,64.2539,-15.2082,11.01,82,40,1.54,IS,1690879053
85,kavaratti,10.5669,72.642,28.37,74,78,8.24,IN,1690879053
86,chipata,-13.6333,32.65,25.54,24,0,4.12,ZM,1690878890
87,port shepstone,-30.7414,30.455,17.5,46,5,7.5,ZA,1690879054
88,sevenoaks,51.27,0.1928,18.12,47,20,5.14,GB,1690879054
89,souillac,-20.5167,57.5167,25.21,73,75,6.69,MU,1690879054
90,strezhevoy,60.7333,77.5889,24.06,73,93,2.47,RU,1690878891
91,seoul,37.5683,126.9778,34.66,70,40,4.12,KR,1690878869
92,atuona,-9.8,-139.0333,25.75,85,32,12.41,PF,1690879054
93,khatanga,71.9667,102.5,24.15,46,53,2.66,RU,1690879054
94,saskylakh,71.9167,114.0833,22.79,31,78,1.15,RU,1690879055
95,arlit,18.7369,7.3853,38.01,22,54,7.85,NE,1690879055
96,ahipara,-35.1667,173.1667,12.12,94,11,3.92,NZ,1690879055
97,golakganj,26.1,89.8333,35.38,62,100,4.54,IN,1690878892
98,issia,6.4922,-6.5856,23.69,90,100,2.15,CI,1690878892
99,ilulissat,69.2167,-51.1,7.01,87,100,0.0,GL,1690879055
100,chapais,49.7834,-74.8492,9.88,95,97,1.9,CA,1690879055
101,sola,-13.8833,167.55,24.66,72,31,10.55,VU,1690879056
102,wyndham,37.6985,-77.6125,20.89,78,100,0.0,US,1690878892
103,pareora,-44.4871,171.2132,8.43,42,0,11.67,NZ,1690879056
104,severo-kurilsk,50.6789,156.125,11.0,95,100,3.07,RU,1690879056
105,ko samui,9.5357,99.9357,33.95,55,20,6.17,TH,1690879056
106,narsaq,60.9167,-46.05,7.12,77,36,1.02,GL,1690879057
107,norman wells,65.282,-126.8329,13.02,67,20,1.54,CA,1690879057
108,esperance,-33.8667,121.9,17.79,56,0,4.78,AU,1690879057
109,rabo de peixe,37.8,-25.5833,25.15,40,75,0.51,PT,1690879057
110,terre haute,39.4667,-87.4139,16.09,92,0,0.0,US,1690878894
111,qaanaaq,77.484,-69.3632,2.68,89,100,0.52,GL,1690879058
112,bluff,-46.6,168.3333,6.0,83,99,14.92,NZ,1690879058
113,tuktoyaktuk,69.4541,-133.0374,7.27,99,89,3.36,CA,1690879058
114,aranos,-24.1333,19.1167,13.69,19,0,5.74,NA,1690879058
115,cabo san lucas,22.8909,-109.9124,29.78,71,1,4.14,MX,1690879058
116,copiapo,-27.3667,-70.3333,10.83,72,0,0.49,CL,1690878884
117,luanda,-8.8368,13.2343,21.0,83,100,2.57,AO,1690879059
118,mozarlandia,-14.7447,-50.5706,22.6,39,1,2.92,BR,1690879059
119,asau,46.4333,26.4,23.51,53,9,1.84,RO,1690879059
120,castro,-24.7911,-50.0119,9.54,92,61,0.98,BR,1690879059
121,karratha,-20.7377,116.8463,25.1,45,87,5.69,AU,1690878838
122,mogadishu,2.0371,45.3438,27.93,83,40,7.2,SO,1690878896
123,cidreira,-30.1811,-50.2056,15.13,92,23,4.3,BR,1690879060
124,dillon,34.4166,-79.3712,20.62,92,11,1.71,US,1690879060
125,lavrentiya,65.5833,-171.0,7.77,94,67,2.43,RU,1690879060
126,bengkulu,-3.8004,102.2655,28.43,72,66,3.31,ID,1690878953
127,ayan,56.45,138.1667,12.62,95,100,5.17,RU,1690878896
128,beringovskiy,63.05,179.3167,11.45,82,80,2.7,RU,1690879061
129,iwanai,42.9744,140.5089,24.35,86,56,0.66,JP,1690878897
130,iqaluit,63.7506,-68.5145,5.85,93,75,2.06,CA,1690879061
131,pangai,-19.8,-174.35,20.83,79,100,9.33,TO,1690879061
132,carnarvon,-24.8667,113.6333,21.3,44,36,4.76,AU,1690879061
133,traverse city,44.7631,-85.6206,16.11,94,75,0.0,US,1690879061
134,kitimat,54.0524,-128.6534,15.21,67,13,0.76,CA,1690878898
135,ulaanbaatar,47.9077,106.8832,31.07,29,40,3.0,MN,1690878875
136,kirakira,-10.4544,161.9205,24.5,90,70,4.28,SB,1690879062
137,siderno,38.2779,16.302,29.08,46,0,2.92,IT,1690878898
138,flinders,-34.5833,150.8552,15.77,63,0,1.11,AU,1690879062
139,hvide sande,56.0045,8.1294,15.61,94,75,1.54,DK,1690879062
140,college,64.8569,-147.8028,18.99,81,40,0.0,US,1690879062
141,maniitsoq,65.4167,-52.9,5.6,86,97,0.41,GL,1690878899
142,faanui,-16.4833,-151.75,26.7,76,74,6.47,PF,1690879063
143,oistins,13.0667,-59.5333,27.05,89,40,2.57,BB,1690879063
144,westport,41.1415,-73.3579,21.02,79,20,2.57,US,1690878900
145,hualmay,-11.0964,-77.6139,18.38,85,45,2.91,PE,1690879063
146,brindisi,40.5833,17.6667,32.47,38,0,1.97,IT,1690879064
147,tromso,69.6496,18.957,19.01,55,0,1.54,NO,1690878901
148,nishihara,26.1842,127.7558,28.03,95,100,25.72,JP,1690879064
149,dingle,10.9995,122.6711,27.89,83,69,6.09,PH,1690879064
150,kupang,-10.1667,123.5833,30.32,48,20,7.2,ID,1690879064
151,yumen,40.2833,97.2,32.02,14,0,8.92,CN,1690879064
152,codrington,-38.2667,141.9667,12.11,63,100,2.46,AU,1690879065
153,asheboro,35.7079,-79.8136,20.69,97,40,0.0,US,1690879065
154,nouadhibou,20.931,-17.0347,20.99,94,75,3.6,MR,1690879065
155,tiznit,29.5833,-9.5,32.94,23,4,2.0,MA,1690879065
156,zhireken,52.8249,117.3076,32.13,23,66,3.86,RU,1690879066
157,hasaki,35.7333,140.8333,26.28,85,100,6.48,JP,1690878919
158,narok,-1.0783,35.8601,24.66,38,30,3.99,KE,1690878903
159,fresnillo,23.1667,-102.8833,18.75,77,72,0.8,MX,1690879066
160,morant bay,17.8815,-76.4093,27.79,86,100,3.48,JM,1690879066
161,atar,20.5169,-13.0499,31.6,35,21,6.16,MR,1690878904
162,vestmanna,62.1564,-7.1664,11.51,87,100,3.6,FO,1690879066
163,praxedis guerrero,31.3667,-106.0167,25.91,45,40,2.96,MX,1690879067
164,atasu,48.6814,71.6433,33.85,17,57,1.94,KZ,1690879067
165,marataizes,-21.0433,-40.8244,19.0,87,87,1.66,BR,1690879067
166,kostomuksha,64.571,30.5767,21.25,57,14,2.35,RU,1690879067
167,vikhorevka,56.1201,101.1636,27.77,44,100,1.49,RU,1690879067
168,sivas,39.7916,37.0019,26.35,29,0,1.03,TR,1690879067
169,nanortalik,60.1432,-45.2371,4.85,92,91,3.06,GL,1690879067
170,gamba,-2.65,10.0,23.43,74,92,3.52,GA,1690878906
171,torbay,47.6666,-52.7314,15.42,96,75,2.57,CA,1690879068
172,uray,60.1247,64.7758,21.23,76,100,3.69,RU,1690878906
173,dikson,73.5069,80.5464,3.82,97,94,2.68,RU,1690879068
174,punta arenas,-53.15,-70.9167,0.79,95,100,3.0,CL,1690879068
175,klaksvik,62.2266,-6.589,12.51,92,100,5.45,FO,1690879068
176,avarua,-21.2078,-159.775,22.03,94,75,2.57,CK,1690879068
177,matagami,49.7502,-77.6328,8.06,93,40,3.09,CA,1690879069
178,nichinan,31.6,131.3667,25.82,89,57,5.39,JP,1690879069
179,hilo,19.7297,-155.09,24.58,89,75,1.54,US,1690879069
180,kerema,-7.9631,145.7785,25.45,89,94,6.0,PG,1690879069
181,namibe,-15.1961,12.1522,22.74,51,71,2.41,AO,1690879069
182,saint-philippe,-21.3585,55.7679,24.77,75,15,4.86,RE,1690879070
183,syamzha,60.0158,41.0614,23.76,48,7,2.65,RU,1690879070
184,la asuncion,11.0333,-63.8628,26.46,87,3,5.05,VE,1690879070
185,quelimane,-17.8786,36.8883,22.97,88,40,1.03,MZ,1690879070
186,honiara,-9.4333,159.95,24.9,89,99,2.85,SB,1690879070
187,harlingen,26.1906,-97.6961,28.85,96,0,2.57,US,1690879070
188,tateyama,34.9833,139.8667,27.65,84,86,6.06,JP,1690879071
189,evensk,61.95,159.2333,15.11,63,100,4.56,RU,1690879071
190,longyearbyen,78.2186,15.6401,9.91,62,75,1.03,SJ,1690879071
191,kavieng,-2.5744,150.7967,27.72,80,72,4.46,PG,1690879071
192,itoman,26.1247,127.6694,28.43,92,75,21.09,JP,1690878871
193,baykit,61.67,96.37,27.33,33,75,5.32,RU,1690878911
194,turan,16.0678,108.2208,31.99,62,75,1.03,VN,1690879049
195,bushehr,28.9684,50.8385,39.05,47,0,4.12,IR,1690879072
196,whitehorse,60.7161,-135.0538,15.43,85,75,1.54,CA,1690879072
197,birjand,32.8663,59.2211,35.26,7,0,7.2,IR,1690879073
198,thompson,55.7435,-97.8558,16.09,94,75,1.54,CA,1690879073
199,ostrovnoy,68.0531,39.5131,21.91,63,24,3.68,RU,1690879073
200,hambantota,6.1241,81.1185,36.19,49,20,9.26,LK,1690878905
201,san ramon,37.7799,-121.978,17.07,84,0,2.06,US,1690878913
202,luderitz,-26.6481,15.1594,20.06,28,0,6.22,NA,1690879074
203,touros,-5.1989,-35.4608,21.7,92,13,4.5,BR,1690879074
204,marsa matruh,31.3525,27.2453,30.11,62,40,3.6,EG,1690879074
205,kamenka,51.3223,42.7678,26.97,43,13,1.91,RU,1690879074
206,mersing,2.4312,103.8405,31.95,74,40,5.14,MY,1690879074
207,komsomolskiy,40.4272,71.7189,35.4,23,0,4.12,UZ,1690878914
208,chernyy yar,48.0624,46.1091,34.56,20,7,3.34,RU,1690879075
209,jalu,29.0331,21.5482,32.99,33,0,2.99,LY,1690879075
210,safford,32.834,-109.7076,26.17,68,0,3.09,US,1690878915
211,talnakh,69.4865,88.3972,28.66,44,5,1.33,RU,1690879075
212,shingu,33.7333,135.9833,28.46,78,17,2.43,JP,1690878783
213,cayenne,4.9333,-52.3333,25.02,94,0,0.0,GF,1690879075
214,koslan,63.4564,48.8989,28.34,35,30,3.71,RU,1690878916
215,great falls,47.5002,-111.3008,24.25,30,0,4.12,US,1690879076
216,eyl,7.9803,49.8164,31.7,42,99,12.06,SO,1690878916
217,isangel,-19.55,169.2667,20.24,63,6,7.6,VU,1690879076
218,cascais,38.6979,-9.4215,23.09,79,40,9.39,PT,1690879076
219,antofagasta,-23.65,-70.4,16.6,85,55,0.6,CL,1690879076
220,yagodnoye,62.55,149.6667,12.77,65,100,0.84,RU,1690878917
221,general roca,-39.0333,-67.5833,15.35,51,0,8.72,AR,1690878917
222,angoche,-16.2325,39.9086,26.91,55,0,5.6,MZ,1690879077
223,itaguai,-22.8522,-43.7753,16.79,94,20,1.54,BR,1690878917
224,wajir,1.7471,40.0573,28.98,51,75,6.69,KE,1690879077
225,chenghai,23.4632,116.768,30.95,70,20,5.0,CN,1690879077
226,jega,12.2175,4.3792,26.36,73,98,6.93,NG,1690879077
227,airai,-8.9266,125.4092,18.24,66,19,2.35,TL,1690879078
228,rocha,-34.4833,-54.3333,10.12,89,45,3.03,UY,1690879078
229,tocopilla,-22.092,-70.1979,16.82,73,31,1.47,CL,1690879078
230,tuatapere,-46.1333,167.6833,5.76,93,100,12.51,NZ,1690879078
231,vryburg,-26.9566,24.7284,12.31,20,0,4.85,ZA,1690879079
232,bethel,41.3712,-73.414,18.17,76,0,1.54,US,1690879079
233,berdigestyakh,62.0989,126.6992,19.27,42,93,3.11,RU,1690878919
234,biala podlaska,52.0324,23.1165,25.35,44,95,7.5,PL,1690879079
235,aklavik,68.2191,-135.0107,16.99,72,83,1.48,CA,1690879079
236,port hedland,-20.3167,118.5667,29.03,30,75,7.2,AU,1690879079
237,alanya,36.5438,31.9998,31.07,58,0,3.37,TR,1690879080
238,mareeba,-17.0,145.4333,19.69,86,30,2.01,AU,1690879080
239,eydhafushi,5.1033,73.0708,28.24,75,100,5.5,MV,1690879080
240,kurilsk,45.2333,147.8833,16.45,87,84,2.93,RU,1690879080
241,tongling,30.95,117.7833,30.54,77,14,5.63,CN,1690878921
242,samarai,-10.6167,150.6667,25.22,82,63,8.83,PG,1690879081
243,lagoa,39.05,-27.9833,23.18,93,21,5.16,PT,1690879081
244,salalah,17.0151,54.0924,27.05,89,100,4.63,OM,1690879081
245,bereda,43.2686,-7.5406,19.21,93,100,1.45,ES,1690879081
246,tautira,-17.7333,-149.15,25.77,75,71,6.53,PF,1690879081
247,buala,-8.145,159.5921,25.89,87,93,4.99,SB,1690879082
248,port lavaca,28.615,-96.6261,28.36,90,0,2.06,US,1690879082
249,east london,-33.0153,27.9116,15.52,47,0,8.75,ZA,1690879082
250,havoysund,70.9963,24.6622,11.13,81,100,6.18,NO,1690878923
251,olathe,38.8814,-94.8191,23.41,92,0,2.57,US,1690879083
252,mahon,39.8885,4.2658,28.31,74,20,3.6,ES,1690879083
253,fuyu,45.1833,124.8167,25.03,83,100,4.64,CN,1690878924
254,carman,49.4992,-98.0016,19.19,77,39,3.6,CA,1690878924
255,deputatskiy,69.3,139.9,11.81,54,38,7.75,RU,1690879083
256,henties bay,-22.116,14.2845,23.46,20,0,6.68,NA,1690879083
257,marawi,7.9986,124.2928,25.51,63,67,2.56,PH,1690879084
258,lujan,-34.5703,-59.105,16.64,93,0,0.89,AR,1690879084
259,san patricio,28.017,-97.5169,29.36,90,99,2.34,US,1690879085
260,verkhoyansk,67.5447,133.385,19.94,36,31,3.53,RU,1690879085
261,half moon bay,37.4636,-122.4286,16.29,87,100,2.57,US,1690879085
262,kaitangata,-46.2817,169.8464,7.65,65,8,11.61,NZ,1690879085
263,tasiilaq,65.6145,-37.6368,2.09,85,44,1.64,GL,1690879085
264,klyuchi,52.2667,79.1667,31.92,28,53,4.41,RU,1690878926
265,rafaela,-31.2503,-61.4867,18.32,70,0,1.79,AR,1690879086
266,port blair,11.6667,92.75,31.02,74,40,8.75,IN,1690878926
267,cockburn town,21.4612,-71.1419,28.63,77,100,7.08,TC,1690879086
268,horni plana,48.7674,14.0326,16.73,97,100,4.53,CZ,1690878926
269,broken hill,-31.95,141.4333,13.26,58,0,3.8,AU,1690878833
270,dunedin,-45.8742,170.5036,10.45,39,0,4.47,NZ,1690878879
271,beloha,-25.1667,45.05,22.13,64,96,6.76,MG,1690879088
272,aden,12.7794,45.0367,31.12,71,40,3.73,YE,1690879088
273,karachev,53.1229,34.9852,23.34,64,100,1.9,RU,1690878928
274,kirksville,40.1948,-92.5833,20.03,98,0,2.57,US,1690879088
275,guerrero negro,27.9769,-114.0611,21.62,77,8,2.96,MX,1690879088
276,havelock,34.8791,-76.9013,25.52,88,0,0.0,US,1690879088
277,bilibino,68.0546,166.4372,10.58,72,99,0.02,RU,1690879089
278,zhangye,38.9342,100.4517,26.9,37,88,3.79,CN,1690878955
279,saint-louis,16.3333,-15.0,25.8,70,20,6.14,SN,1690879089
280,rakiv lis,51.6217,24.9243,23.84,53,69,5.01,UA,1690878929
281,vanimo,-2.6741,141.3028,26.93,90,63,2.57,PG,1690879089
282,gunjur,13.2019,-16.7339,26.04,94,75,0.0,GM,1690878930
283,bulembu,-25.9667,31.1333,12.55,69,89,2.17,SZ,1690879090
284,mbini,1.574,9.6134,25.67,74,100,4.31,GQ,1690879090
285,santa cruz,-17.8,-63.1667,19.7,83,0,1.54,BO,1690879090
286,krasnoselkup,65.7,82.4667,27.99,48,0,2.96,RU,1690879091
287,vilhena,-12.7406,-60.1458,19.61,52,9,0.99,BR,1690879091
288,mandera,3.9366,41.867,32.4,32,55,9.67,KE,1690879091
289,saint george,37.1041,-113.5841,23.86,70,75,3.09,US,1690879092
290,amapa,1.0,-52.0,21.2,100,33,0.47,BR,1690878932
291,marigot,18.0667,-63.0833,27.8,94,75,1.54,MF,1690878833
292,bathsheba,13.2167,-59.5167,27.34,89,40,2.57,BB,1690879092
293,sao joao nepomuceno,-21.54,-43.0106,13.68,96,1,0.31,BR,1690878933
294,pirapemas,-3.7267,-44.2233,21.56,99,50,1.25,BR,1690879093
295,olafsvik,64.8945,-23.7142,10.94,84,25,3.42,IS,1690878935
296,praia da vitoria,38.7333,-27.0667,24.31,94,20,3.16,PT,1690879094
297,grants,35.1473,-107.8514,18.13,55,75,3.09,US,1690879094
298,novoagansk,61.9449,76.6625,27.85,49,98,5.71,RU,1690879094
299,ambon,-3.6954,128.1814,27.71,95,75,1.54,ID,1690878935
300,karasuk,53.7377,78.0403,29.79,34,43,2.87,RU,1690879094
301,severobaykalsk,55.65,109.3167,20.93,56,99,1.94,RU,1690879095
302,tiarei,-17.5333,-149.3333,23.01,74,69,6.57,PF,1690878936
303,san felipe,10.3399,-68.7425,22.57,91,37,2.2,VE,1690879095
304,awbari,26.5921,12.7805,35.16,20,1,6.04,LY,1690879095
305,pergine valsugana,46.065,11.238,23.35,80,100,10.29,IT,1690879095
306,terney,45.0503,136.6092,26.59,67,98,4.2,RU,1690879095
307,turukhansk,65.8167,87.9833,30.58,33,0,4.06,RU,1690879095
308,dhoraji,21.7333,70.45,30.42,68,95,9.88,IN,1690878937
309,brawley,32.9787,-115.5303,31.14,45,35,1.15,US,1690878937
310,zholymbet,51.7433,71.7122,30.57,27,4,2.02,KZ,1690878937
311,tynda,55.1667,124.7167,16.62,88,98,1.58,RU,1690879096
312,sisimiut,66.9395,-53.6735,5.18,95,100,1.88,GL,1690878938
313,dudinka,69.4058,86.1778,27.83,48,5,3.97,RU,1690878939
314,punto fijo,11.6956,-70.1996,27.52,73,91,7.39,VE,1690878938
315,ixtapa,20.7,-105.2,27.9,88,100,1.48,MX,1690879097
316,partur,19.6,76.2167,29.88,62,81,8.9,IN,1690879097
317,redmond,47.674,-122.1215,16.94,79,0,0.89,US,1690879097
318,agar,23.7,76.0167,28.64,70,95,8.59,IN,1690878939
319,san quintin,30.4833,-115.95,21.54,77,3,0.46,MX,1690878939
320,victoria,22.2855,114.1577,33.31,77,100,3.58,HK,1690878887
321,rundu,-17.9333,19.7667,19.82,9,0,5.61,NA,1690879098
322,elko,41.0002,-115.5012,21.47,28,97,0.89,US,1690879099
323,atherton,53.5237,-2.4935,16.31,89,98,1.79,GB,1690878940
324,ndele,8.4109,20.6473,21.09,99,100,2.92,CF,1690878940
325,praia,14.9215,-23.5087,26.3,83,40,1.03,CV,1690879099
326,kudahuvadhoo,2.6708,72.8944,28.38,75,54,4.19,MV,1690879099
327,uige,-7.6087,15.0613,29.08,31,68,1.68,AO,1690878941
328,luckenwalde,52.0833,13.1667,20.52,87,100,2.24,DE,1690878941
329,dolgorukovo,52.3195,38.3453,24.35,63,100,2.81,RU,1690879100
330,brooks,50.5834,-111.8851,16.13,80,0,2.06,CA,1690879100
331,tefe,-3.3542,-64.7114,22.58,91,78,0.29,BR,1690879100
332,hami,42.8,93.45,35.67,16,0,5.35,CN,1690879100
333,toora-khem,52.4675,96.11,30.67,28,85,2.1,RU,1690878943
334,jaswantnagar,26.8786,78.9028,37.0,41,81,3.76,IN,1690879101
335,pontes e lacerda,-15.2261,-59.3353,20.31,53,4,0.86,BR,1690879101
336,hammerfest,70.6634,23.6821,16.25,67,75,4.12,NO,1690879101
337,lompoc,34.6391,-120.4579,13.62,96,100,2.06,US,1690879101
338,ozatlan,13.3833,-88.5,23.43,94,98,1.91,SV,1690879101
339,dybbol,54.9108,9.736,17.14,94,75,5.14,DK,1690879102
340,pangody,65.85,74.4859,24.64,51,74,4.26,RU,1690879102
341,srednekolymsk,67.45,153.6833,13.02,61,29,4.74,RU,1690879102
342,grand gaube,-20.0064,57.6608,25.77,68,32,3.13,MU,1690878945
343,los llanos de aridane,28.6585,-17.9182,23.4,73,0,7.2,ES,1690879103
344,acari,-15.4311,-74.6158,19.12,71,58,0.9,PE,1690879103
345,muriti,-1.9833,32.9167,24.71,49,12,4.53,TZ,1690878945
346,challans,46.8436,-1.8749,18.87,71,28,7.05,FR,1690878973
347,bafq,31.6128,55.4107,38.77,6,0,5.74,IR,1690878946
348,goderich,43.7501,-81.7165,13.84,93,21,1.03,CA,1690878946
349,nakamura,32.9833,132.9333,28.13,83,22,2.35,JP,1690878896
350,taoudenni,22.6783,-3.9836,42.26,8,1,0.72,ML,1690879104
351,pringsewu,-5.3582,104.9744,28.57,71,73,1.55,ID,1690878946
352,umea,63.8284,20.2597,16.96,77,75,4.63,SE,1690878946
353,csurgo,46.2531,17.1006,24.47,47,99,4.46,HU,1690879105
354,keflavik,64.0049,-22.5624,10.24,93,100,1.03,IS,1690879044
355,kansanshi,-12.0951,26.4273,24.28,27,1,4.26,ZM,1690879105
356,cururupu,-1.8283,-44.8683,22.86,97,17,1.31,BR,1690879105
357,humberto de campos,-2.5983,-43.4611,23.07,95,68,2.48,BR,1690879105
358,stolin,51.8912,26.846,23.76,58,84,2.73,BY,1690878948
359,el alto,-4.2714,-81.2147,19.59,84,20,2.07,PE,1690879106
360,magangue,9.242,-74.7547,23.58,98,100,1.94,CO,1690878948
361,manta,-0.95,-80.7333,23.88,78,20,2.57,EC,1690879106
362,puerto madryn,-42.7692,-65.0385,13.34,44,0,18.02,AR,1690878949
363,bandarbeyla,9.4942,50.8122,32.19,45,100,11.55,SO,1690879107
364,saldanha,-33.0117,17.9442,12.03,59,7,3.47,ZA,1690878904
365,adrar,20.5022,-10.0711,34.17,24,0,8.95,MR,1690878950
366,lure,47.75,6.5,17.65,88,100,8.23,FR,1690878950
367,faya,18.3851,42.4509,29.29,16,85,5.33,SA,1690879107
368,mabaruma,8.2,-59.7833,22.54,99,36,0.96,GY,1690879107
369,meulaboh,4.1363,96.1285,25.31,86,100,1.64,ID,1690879107
370,arari,-3.4536,-44.78,21.94,99,28,1.33,BR,1690879107
371,marsh harbour,26.5412,-77.0636,28.73,76,64,3.48,BS,1690879108
372,salta,-24.7859,-65.4117,8.33,87,0,3.09,AR,1690878951
373,lovington,32.944,-103.3485,27.32,47,93,0.89,US,1690878951
374,high level,58.5169,-117.136,15.06,94,100,2.57,CA,1690879108
375,nadvoitsy,63.8667,34.3167,21.15,59,24,2.89,RU,1690878951
376,ngama,11.7833,17.1667,29.73,62,87,5.62,TD,1690879108
377,haines junction,60.7522,-137.5108,12.97,94,100,1.03,CA,1690878952
378,itaituba,-4.2761,-55.9836,23.43,65,53,1.18,BR,1690879109
379,umm kaddadah,13.6017,26.6876,31.12,49,7,8.82,SD,1690878952
380,djambala,-2.5447,14.7533,27.69,46,11,3.73,CG,1690879109
381,sabla,12.7525,4.7077,26.06,72,100,6.03,NG,1690879109
382,te anau,-45.4167,167.7167,5.02,92,99,5.1,NZ,1690878953
383,yar-sale,66.8333,70.8333,23.16,46,6,4.96,RU,1690879110
384,fukue,32.6881,128.8419,32.2,55,0,3.09,JP,1690879110
385,ruteng,-8.6136,120.4721,19.38,71,52,0.71,ID,1690879110
386,labuhan,-6.8844,112.2051,29.7,64,18,6.28,ID,1690879110
387,clyde river,70.4692,-68.5914,1.13,100,100,1.54,CA,1690879110
388,pionerskiy,54.9508,20.2275,19.86,73,100,9.16,RU,1690879111
389,mahebourg,-20.4081,57.7,25.7,73,75,6.69,MU,1690878998
390,nikolskoye,59.7035,30.7861,25.44,43,8,3.2,RU,1690879111
391,tessalit,20.1986,1.0114,40.24,6,74,1.01,ML,1690879111
392,cherskiy,68.75,161.3,5.67,77,50,4.62,RU,1690879111
393,bahia de caraquez,-0.6,-80.4167,24.1,84,95,1.17,EC,1690879112
394,changtu,42.7788,124.0955,27.29,81,100,3.6,CN,1690879112
395,moba,33.2288,105.0179,27.07,47,2,2.02,CN,1690878955
396,udachnyy,66.4167,112.4,23.36,22,22,5.14,RU,1690879112
397,hailar,49.2,119.7,34.05,38,46,3.79,CN,1690878955
398,matara,5.9485,80.5353,29.64,69,100,7.01,LK,1690878852
399,kuminskiy,58.6667,66.5667,22.19,75,100,2.78,RU,1690878955
400,vuktyl,63.8567,57.3094,26.12,31,40,3.2,RU,1690878955
401,nuuk,64.1835,-51.7216,5.34,93,75,3.09,GL,1690879113
402,vikindu,-7.0067,39.2985,29.91,45,5,6.12,TZ,1690878956
403,sao filipe,14.8961,-24.4956,25.65,86,52,3.36,CV,1690879113
404,amahai,-3.3333,128.9167,26.05,88,24,4.89,ID,1690878956
405,lakhdenpokhya,61.5198,30.1992,20.25,65,8,3.93,RU,1690879113
406,homer,59.6425,-151.5483,14.87,88,0,1.54,US,1690879113
407,khani,41.9563,42.9566,22.76,46,3,2.18,GE,1690879114
408,urumqi,43.801,87.6005,33.53,21,20,4.0,CN,1690879114
409,jinxiang,27.4327,120.6062,28.28,82,100,3.43,CN,1690879114
410,ust-nera,64.5667,143.2,11.72,80,90,2.9,RU,1690879114
411,kazerun,29.6195,51.6541,41.67,10,3,3.17,IR,1690879114
412,cravo norte,6.3017,-70.2041,23.11,94,97,1.61,CO,1690879114
413,manokwari,-0.8667,134.0833,27.69,78,47,1.44,ID,1690878958
414,veraval,20.9,70.3667,28.15,81,88,9.36,IN,1690878921
415,jiangyou,31.7667,104.7167,31.95,62,65,2.08,CN,1690878944
416,saint-pierre,-21.3393,55.4781,25.32,69,100,6.69,RE,1690879115
417,kahului,20.8947,-156.47,25.47,74,0,7.72,US,1690879115
418,kloulklubed,7.0419,134.2556,28.28,76,85,3.74,PW,1690879115
419,lipari,38.4674,14.954,30.67,64,8,1.77,IT,1690878959
420,lata,40.1629,-8.3327,22.26,59,13,2.43,PT,1690878960
421,port macquarie,-31.4333,152.9167,14.94,65,0,3.35,AU,1690878879
422,chuy,-33.6971,-53.4616,10.51,93,75,2.72,UY,1690879116
423,gidole,5.65,37.3667,18.31,63,87,1.71,ET,1690878960
424,abu kamal,34.4506,40.9171,39.09,18,0,2.69,SY,1690878960
425,diamantino,-14.4086,-56.4461,22.62,43,72,1.21,BR,1690878960
426,sault sainte marie,46.5168,-84.3333,13.31,96,0,1.03,CA,1690878960
427,muriwai beach,-36.8167,174.45,14.08,89,41,5.9,NZ,1690879117
428,xuanzhou,30.9525,118.7553,30.31,73,32,5.86,CN,1690879117
429,zeya,53.75,127.2667,27.7,40,44,2.41,RU,1690879117
430,kavali,14.9167,79.9833,35.17,41,100,10.12,IN,1690878962
431,ukiah,39.1502,-123.2078,19.94,60,0,0.0,US,1690879118
432,nova friburgo,-22.2819,-42.5311,10.35,94,0,0.23,BR,1690878962
433,milkovo,54.7167,158.6167,9.52,96,100,1.34,RU,1690878963
434,manga,11.6636,-1.0731,29.14,63,92,6.07,BF,1690878963
435,rafsanjan,30.4067,55.9939,34.68,6,0,6.12,IR,1690878963
436,belmonte,-15.8631,-38.8828,20.33,83,16,2.56,BR,1690878963
437,hit,33.6416,42.8251,43.4,9,0,4.59,IQ,1690879119
438,mitsamiouli,-11.3847,43.2844,26.08,72,5,3.58,KM,1690878963
439,coihaique,-45.5752,-72.0662,2.62,97,100,4.66,CL,1690879120
440,coahuayana,18.7333,-103.6833,25.24,90,100,1.65,MX,1690879121
441,marzuq,14.4,46.4667,34.04,31,86,4.64,YE,1690879121
442,borshchiv,48.8033,26.0435,23.91,53,55,2.47,UA,1690878965
443,black river,18.0264,-77.8487,25.88,78,74,1.42,JM,1690879121
444,micheweni,-4.9667,39.8333,27.01,68,36,5.62,TZ,1690879122
445,pangnirtung,66.1451,-65.7125,10.33,70,95,1.22,CA,1690879123
446,kisangani,0.5167,25.2,31.22,51,47,1.3,CD,1690879123
447,bonthe,7.5264,-12.505,26.39,84,82,4.25,SL,1690879123
448,sakakah,29.9697,40.2064,39.76,8,0,5.12,SA,1690878966
449,vera cruz,-12.6333,-41.0333,17.33,92,75,1.18,BR,1690879123
450,jhanjharpur,26.2667,86.2833,37.99,42,100,2.15,IN,1690879124
451,kearney,40.6995,-99.0815,22.31,97,100,3.6,US,1690879124
452,jaguaribe,-5.8906,-38.6219,20.71,75,59,1.46,BR,1690879124
453,freeport,40.6576,-73.5832,21.99,72,75,3.6,US,1690878967
454,semirom,31.4167,51.5667,30.28,9,0,5.8,IR,1690879124
455,vytegra,61.0064,36.4481,24.76,50,7,0.88,RU,1690879125
456,fare,-16.7,-151.0167,26.36,76,86,6.91,PF,1690878967
457,pattan,34.1667,74.5667,31.0,44,1,1.46,IN,1690879125
458,florianopolis,-27.6146,-48.5012,14.67,98,0,1.54,BR,1690879125
459,karamursel,40.6914,29.6157,30.51,60,92,2.37,TR,1690879125
460,coquimbo,-29.9533,-71.3436,9.85,100,100,0.51,CL,1690879125
461,dixon,38.4455,-121.8233,21.01,69,0,3.6,US,1690878968
462,itaiba,-8.9475,-37.4228,18.98,94,99,1.52,BR,1690879126
463,zaragoza,41.6561,-0.8773,24.69,53,0,8.23,ES,1690879126
464,iquique,-20.2208,-70.1431,17.02,75,7,2.2,CL,1690879126
465,rudbar,30.15,62.6,42.79,7,0,8.12,AF,1690878969
466,hamadan,34.7992,48.5146,31.49,11,0,2.06,IR,1690879126
467,virginia beach,36.8529,-75.978,22.79,96,40,0.0,US,1690878969
468,vlore,40.4667,19.4897,29.36,48,11,3.57,AL,1690878976
469,bolotnoye,55.6717,84.3981,25.94,47,65,1.92,RU,1690879127
470,alcaniz,41.05,-0.1333,27.49,30,37,8.54,ES,1690878971
471,berezovyy,51.6667,135.7,21.26,75,93,2.51,RU,1690879128
472,kiama,-34.6833,150.8667,16.67,67,0,0.96,AU,1690879128
473,oruro,-17.9833,-67.15,0.83,44,0,2.01,BO,1690879128
474,riyadh,24.6877,46.7219,43.08,8,1,3.06,SA,1690878857
475,caravelas,-17.7125,-39.2481,19.44,83,0,1.37,BR,1690879128
476,hay river,60.8156,-115.7999,16.99,82,100,3.6,CA,1690879128
477,mwinilunga,-11.7358,24.4293,26.19,21,4,4.32,ZM,1690878972
478,hokitika,-42.7167,170.9667,9.88,72,80,8.64,NZ,1690879129
479,lerida,41.6167,0.6167,25.52,48,0,5.14,ES,1690878829
480,constitucion,-35.3333,-72.4167,12.24,92,35,2.43,CL,1690879129
481,grindavik,63.8424,-22.4338,10.26,93,100,1.03,IS,1690879129
482,ciudad guayana,8.3533,-62.6528,23.62,95,5,0.79,VE,1690878973
483,itarema,-2.9248,-39.9167,24.55,86,21,6.7,BR,1690879130
484,harwich,51.9419,1.2844,18.53,71,69,4.92,GB,1690878974
485,loukhi,66.0764,33.0381,17.07,94,100,0.42,RU,1690878974
486,paamiut,61.994,-49.6678,4.8,88,41,5.93,GL,1690879131
487,vestmannaeyjar,63.4427,-20.2734,11.55,93,100,0.51,IS,1690879131
488,papara,-3.9839,-38.7273,25.94,95,35,2.03,BR,1690879131
489,zhigansk,66.7697,123.3711,18.84,37,7,5.89,RU,1690879131
490,zdunska wola,51.5992,18.9397,21.29,81,100,8.0,PL,1690878975
491,suozhen,36.9539,118.1047,33.45,60,83,4.27,CN,1690878975
492,kincardine,56.0667,-3.7167,16.22,86,100,1.65,GB,1690878975
493,dongsheng,39.8161,109.9776,29.81,39,94,5.22,CN,1690878975
494,brora,58.0099,-3.8518,16.14,78,14,2.96,GB,1690878975
495,magole,-6.3667,37.3667,29.28,38,9,2.22,TZ,1690878976
496,iralaya,15.0,-83.2333,26.86,89,100,4.86,HN,1690878976
497,bardsir,29.9227,56.5743,30.9,6,0,4.68,IR,1690879132
498,wenceslau braz,-23.8739,-49.8028,10.58,85,4,1.7,BR,1690879133
499,filadelfia,39.9523,-75.1638,20.82,79,40,2.06,US,1690879133
500,qeshm,26.9581,56.2719,36.94,67,1,5.53,IR,1690878977
501,abu samrah,35.3029,37.1841,35.55,16,0,3.65,SY,1690879133
502,maceio,-9.6658,-35.7353,21.69,100,75,1.54,BR,1690879134
503,suhbaatar,50.2314,106.2078,32.63,34,100,2.24,MN,1690879134
504,kosa,59.9445,54.9977,26.39,42,43,2.95,RU,1690879135
505,amzya,56.2354,54.3868,27.01,42,17,2.16,RU,1690879135
506,port-gentil,-0.7193,8.7815,23.98,83,75,3.6,GA,1690879136
507,port-cartier,50.0334,-66.8654,12.82,73,86,2.54,CA,1690879136
508,punta umbria,37.1821,-6.9661,24.57,51,0,6.24,ES,1690878979
509,kawalu,-7.3817,108.2082,28.54,56,34,2.41,ID,1690878980
510,xining,36.6167,101.7667,26.32,42,64,8.7,CN,1690878980
511,wageningen,51.9667,5.6667,18.85,89,75,5.14,NL,1690878980
512,lorengau,-2.0226,147.2712,27.67,85,15,4.34,PG,1690879137
513,santa leopoldina,-20.1006,-40.5297,18.68,96,11,1.2,BR,1690879137
514,necochea,-38.5473,-58.7368,14.83,87,45,7.76,AR,1690879137
515,sinnamary,5.3833,-52.95,24.61,89,30,2.16,GF,1690879137
516,huntsville,34.7304,-86.5861,24.93,76,100,2.06,US,1690878981
517,teahupoo,-17.8333,-149.2667,19.98,75,49,6.9,PF,1690879138
518,tezu,27.9167,96.1667,35.46,59,89,0.9,IN,1690879138
519,chebsara,59.2002,38.8356,23.63,52,25,2.91,RU,1690879138
520,richards bay,-28.783,32.0377,19.33,46,27,7.08,ZA,1690879138
521,bukene,-4.2333,32.8833,28.62,25,5,4.29,TZ,1690878982
522,altamont,42.2068,-121.7372,15.5,70,0,2.06,US,1690879139
523,severomuysk,56.1481,113.4267,18.38,57,99,2.53,RU,1690878982
524,vao,-22.6667,167.4833,19.55,66,11,9.02,NC,1690878983
525,bay roberts,47.5999,-53.2648,15.84,98,72,1.7,CA,1690879139
526,clermont,49.5,2.4167,19.28,79,100,6.38,FR,1690878983
527,codo,-4.4553,-43.8856,20.45,97,22,1.2,BR,1690879139
528,ryotsu,38.0833,138.4333,28.28,74,57,0.99,JP,1690879140
529,nizwa,22.9333,57.5333,39.79,22,21,2.66,OM,1690879140
530,lethem,3.3803,-59.7968,22.84,93,62,2.89,GY,1690879140
531,bolkhov,53.4433,36.0044,22.63,73,100,2.79,RU,1690879140
532,oktyabrskiy,54.4815,53.471,23.73,48,65,4.11,RU,1690879140
533,nyurba,63.2842,118.3319,22.29,31,0,3.28,RU,1690879140
534,amuntai,-2.4177,115.2494,34.88,40,42,0.47,ID,1690878969
535,palotina,-24.2839,-53.84,15.32,90,24,3.07,BR,1690878985
536,barahona,18.2085,-71.1008,26.11,87,98,0.83,DO,1690878985
537,oranjestad,12.524,-70.027,28.97,84,20,8.23,AW,1690879141
538,khanpur,28.6453,70.6567,41.52,31,0,4.95,PK,1690878986
539,harper,4.375,-7.7169,24.63,88,100,4.33,LR,1690879142
540,dubai,25.2582,55.3047,39.16,50,0,3.6,AE,1690878966
541,camacha,33.0833,-16.3333,21.68,83,40,4.63,PT,1690879142
542,kondinskoye,59.6481,67.41,18.62,87,100,3.67,RU,1690878986
543,swan hill,-35.3378,143.5544,11.81,68,44,2.31,AU,1690879143
544,artigas,-30.4,-56.4667,15.4,94,23,3.23,UY,1690879143
545,jasper,37.2001,-94.3502,27.03,74,58,3.09,US,1690879143
546,cairns,-16.9167,145.7667,22.26,83,75,4.63,AU,1690879143
547,nantucket,41.2835,-70.0995,18.41,91,0,1.54,US,1690878987
548,aitape,-3.1374,142.3475,27.02,90,81,2.69,PG,1690879144
549,sabzevar,36.2126,57.6819,36.6,14,0,5.14,IR,1690878988
550,huangmei,30.1924,116.025,31.75,70,63,2.41,CN,1690879144
551,jeremie,18.65,-74.1167,27.17,82,98,2.01,HT,1690878988
552,anadyr,64.75,177.4833,15.56,72,0,5.81,RU,1690879018
553,jardim,-21.4803,-56.1381,17.9,63,0,0.84,BR,1690878988
554,gravdal,68.1214,13.5031,20.94,56,0,2.57,NO,1690879144
555,prince rupert,54.3161,-130.3201,13.83,98,100,1.54,CA,1690879145
556,atambua,-9.1061,124.8925,25.58,61,2,1.83,ID,1690879145
557,port lincoln,-34.7333,135.8667,13.19,78,84,2.68,AU,1690879145
558,orocue,4.7912,-71.3354,23.0,87,99,3.97,CO,1690879145
559,alta,69.9689,23.2717,15.59,77,40,2.57,NO,1690878989
560,liancheng,24.0519,105.075,25.69,79,78,2.31,CN,1690878989
561,tura,25.5198,90.2201,31.74,77,100,0.7,IN,1690878952
562,cervo,43.6702,-7.4101,20.54,83,98,3.23,ES,1690878990
563,jacareacanga,-6.2222,-57.7528,22.73,67,31,1.13,BR,1690879146
564,san jose,37.3394,-121.895,16.93,79,0,13.86,US,1690879144
565,ponca city,36.707,-97.0856,28.98,77,0,5.14,US,1690878990
566,carauari,-4.8828,-66.8958,22.42,69,54,0.77,BR,1690878990
567,zhangjiakou,40.81,114.8794,27.19,77,47,5.37,CN,1690879147
568,kharp,66.8014,65.8081,20.58,68,80,3.49,RU,1690879147
569,acarau,-2.8856,-40.12,24.46,87,21,6.58,BR,1690879147
570,khovu-aksy,51.1333,93.6,26.61,38,42,1.41,RU,1690879147
571,umm lajj,25.0213,37.2685,34.41,37,0,4.44,SA,1690878991
572,gari,59.4307,62.3497,24.49,47,65,3.78,RU,1690878991
